IF SCHEMA_ID(N'Parking') IS NULL
    EXEC(N'CREATE SCHEMA [Parking];');
GO

DROP TABLE IF EXISTS Parking.Tickets;
DROP TABLE IF EXISTS Parking.Passes;
DROP TABLE IF EXISTS Parking.Accessibility;
DROP TABLE IF EXISTS Parking.Lots;
DROP TABLE IF EXISTS Parking.LotTypeYears;
DROP TABLE IF EXISTS Parking.PassTypeYears;
DROP TABLE IF EXISTS Parking.Officers;
DROP TABLE IF EXISTS Parking.People;
DROP TABLE IF EXISTS Parking.LotTypes;
DROP TABLE IF EXISTS Parking.PassTypes;
DROP TABLE IF EXISTS Parking.StateCodes;
GO

/*
Create Tables
*/
CREATE TABLE Parking.StateCodes
(
    StateCode CHAR(2) PRIMARY KEY
);

CREATE TABLE Parking.PassTypes (
    PassType VARCHAR(2) PRIMARY KEY
);

CREATE TABLE Parking.PassTypeYears (
    PassTypeYearID INT IDENTITY(1,1) PRIMARY KEY,
    PassType VARCHAR(2) NOT NULL,
    YearOfValidity INT NOT NULL,
    Price DECIMAL(8,2) NOT NULL,
    CONSTRAINT UQ_PassType_Year UNIQUE (PassType, YearOfValidity),
    FOREIGN KEY (PassType) REFERENCES Parking.PassTypes(PassType)
);

CREATE TABLE Parking.People(
    PersonID INT IDENTITY(1,1) PRIMARY KEY,
    LicensePlate VARCHAR(6) NOT NULL,
    StateCode CHAR(2) NOT NULL FOREIGN KEY REFERENCES Parking.StateCodes(StateCode),
    Email VARCHAR(100),
    UNIQUE (StateCode, LicensePlate),
    
);

CREATE TABLE Parking.Passes (
    PassID INT IDENTITY(1,1) PRIMARY KEY,
    PassTypeYearID INT NOT NULL,
    PersonID INT NOT NULL,
    TimePurchased DATETIMEOFFSET NOT NULL,
    CONSTRAINT UQ_Passes_PassTypeYear_Person UNIQUE (PassTypeYearID, PersonID),
    FOREIGN KEY (PassTypeYearID) REFERENCES Parking.PassTypeYears(PassTypeYearID),
    FOREIGN KEY (PersonID) REFERENCES Parking.People(PersonID)
);

CREATE TABLE Parking.LotTypes (
    LotType VARCHAR(2) PRIMARY KEY
);

CREATE TABLE Parking.LotTypeYears (
    LotTypeYearID INT IDENTITY(1,1) PRIMARY KEY,
    LotType VARCHAR(2) NOT NULL,
    YearOfValidity INT NOT NULL,
    Fee DECIMAL(8,2) NOT NULL,
    CONSTRAINT UQ_LotType_Year UNIQUE (LotType, YearOfValidity),
    FOREIGN KEY (LotType) REFERENCES Parking.LotTypes(LotType)
);

CREATE TABLE Parking.Accessibility (
    PassType VARCHAR(2) NOT NULL,
    LotType VARCHAR(2) NOT NULL,
    PRIMARY KEY (PassType, LotType),
    FOREIGN KEY (PassType) REFERENCES Parking.PassTypes(PassType),
    FOREIGN KEY (LotType) REFERENCES Parking.LotTypes(LotType)
);

CREATE TABLE Parking.Lots (
    LotID INT IDENTITY(1,1) PRIMARY KEY,
    LotName VARCHAR(50) UNIQUE NOT NULL,
    LotType VARCHAR(2) NOT NULL,
    FOREIGN KEY (LotType) REFERENCES Parking.LotTypes(LotType)
);

CREATE TABLE Parking.Officers (
    OfficerID INT IDENTITY(1,1) PRIMARY KEY,
    FirstName VARCHAR(50) NOT NULL,
    LastName VARCHAR(50) NOT NULL,
    HashPassword VARCHAR(255) NOT NULL,
    UserName VARCHAR(50) UNIQUE NOT NULL
);

CREATE TABLE Parking.Tickets (
    TicketID INT IDENTITY(1,1) PRIMARY KEY,
    OfficerID INT NOT NULL,
    PersonID INT NOT NULL,
    LotID INT NOT NULL,
    TimeIssued DATETIMEOFFSET NOT NULL,
    Fee DECIMAL(8,2) NOT NULL,
    LateCharge DECIMAL(8,2) NOT NULL,
    TimePaid DATETIMEOFFSET,
    FOREIGN KEY (OfficerID) REFERENCES Parking.Officers(OfficerID),
    FOREIGN KEY (PersonID) REFERENCES Parking.People(PersonID),
    FOREIGN KEY (LotID) REFERENCES Parking.Lots(LotID)
);

/*
Populate tables
*/
INSERT INTO Parking.StateCodes (StateCode)
 VALUES
     ('AL'), ('AK'), ('AZ'), ('AR'), ('CA'),
     ('CO'), ('CT'), ('DE'), ('FL'), ('GA'),
     ('HI'), ('ID'), ('IL'), ('IN'), ('IA'),
     ('KS'), ('KY'), ('LA'), ('ME'), ('MD'),
     ('MA'), ('MI'), ('MN'), ('MS'), ('MO'),
     ('MT'), ('NE'), ('NV'), ('NH'), ('NJ'),
     ('NM'), ('NY'), ('NC'), ('ND'), ('OH'),
     ('OK'), ('OR'), ('PA'), ('RI'), ('SC'),
     ('SD'), ('TN'), ('TX'), ('UT'), ('VT'),
     ('VA'), ('WA'), ('WV'), ('WI'), ('WY'), ('DC');
 
 
     -- Sample insert for 100 people
 INSERT INTO Parking.People (LicensePlate, StateCode, Email)
 VALUES
 ('ABC123', 'CA', 'john.doe1@example.com'),
 ('XYZ456', 'NY', 'jane.doe2@example.com'),
 ('LMN789', 'TX', 'mike.smith3@example.com'),
 ('DEF321', 'FL', 'anna.jones4@example.com'),
 ('GHI654', 'WA', 'tom.brown5@example.com'),
 ('JKL987', 'IL', 'lisa.wilson6@example.com'),
 ('QWE852', 'GA', 'dave.taylor7@example.com'),
 ('RTY963', 'NC', 'emma.thomas8@example.com'),
 ('UIO741', 'PA', 'alex.moore9@example.com'),
 ('PAS369', 'OH', 'susan.jackson10@example.com'),
 
 ('CAR159', 'MI', 'ryan.white11@example.com'),
 ('ZXC753', 'VA', 'laura.harris12@example.com'),
 ('VBN258', 'AZ', 'chris.martin13@example.com'),
 ('MNB456', 'MA', 'nina.thompson14@example.com'),
 ('PLM357', 'CO', 'steve.garcia15@example.com'),
 ('OKM951', 'TN', 'karen.martinez16@example.com'),
 ('EDC852', 'IN', 'bruce.robinson17@example.com'),
 ('RFV147', 'MO', 'kelly.clark18@example.com'),
 ('TGB963', 'WI', 'jim.lewis19@example.com'),
 ('YHN741', 'MN', 'megan.lee20@example.com'),
 
 ('UJM159', 'NJ', 'zach.walker21@example.com'),
 ('IKJ753', 'AL', 'tina.hall22@example.com'),
 ('OLP258', 'SC', 'eric.allen23@example.com'),
 ('MKO456', 'KY', 'abby.young24@example.com'),
 ('NHY357', 'LA', 'daniel.king25@example.com'),
 ('BGV951', 'OK', 'lori.wright26@example.com'),
 ('CXZ852', 'IA', 'brian.scott27@example.com'),
 ('SDX147', 'KS', 'julie.green28@example.com'),
 ('WER963', 'NV', 'tyler.baker29@example.com'),
 ('RTG741', 'AR', 'beth.adams30@example.com'),
 
 ('ZHU159', 'OR', 'aaron.nelson31@example.com'),
 ('XCV753', 'MS', 'katie.hill32@example.com'),
 ('RTF258', 'UT', 'josh.ramirez33@example.com'),
 ('FDS456', 'NE', 'gina.campbell34@example.com'),
 ('POI357', 'NM', 'marcus.mitchell35@example.com'),
 ('LKI951', 'CT', 'olivia.roberts36@example.com'),
 ('PLM852', 'AK', 'ethan.carter37@example.com'),
 ('KJU147', 'NH', 'rachel.phillips38@example.com'),
 ('LOP963', 'HI', 'jacob.evans39@example.com'),
 ('MNB741', 'ME', 'ashley.turner40@example.com'),
 
 ('HGF159', 'RI', 'brandon.torres41@example.com'),
 ('TRE753', 'DE', 'natalie.parker42@example.com'),
 ('EWS258', 'ID', 'henry.collins43@example.com'),
 ('WSX456', 'MT', 'sophie.edwards44@example.com'),
 ('QAZ357', 'ND', 'jack.stewart45@example.com'),
 ('EDC951', 'SD', 'brianna.sanchez46@example.com'),
 ('RFV852', 'VT', 'dylan.morris47@example.com'),
 ('TGB147', 'WV', 'claire.rogers48@example.com'),
 ('YHN963', 'WY', 'kevin.reed49@example.com'),
 ('UJM741', 'DC', 'samantha.cook50@example.com'),
 
 ('IKM159', 'CA', 'leo.bell51@example.com'),
 ('OLN753', 'NY', 'maria.murphy52@example.com'),
 ('MKO258', 'TX', 'james.bailey53@example.com'),
 ('NHU456', 'FL', 'ella.rivera54@example.com'),
 ('BGI357', 'WA', 'logan.cooper55@example.com'),
 ('CXO951', 'IL', 'chloe.richardson56@example.com'),
 ('SDA852', 'GA', 'sean.cox57@example.com'),
 ('WER147', 'NC', 'ivy.howard58@example.com'),
 ('RTG963', 'PA', 'nathan.ward59@example.com'),
 ('ZHU741', 'OH', 'clara.perez60@example.com'),
 
 ('XCV159', 'MI', 'patrick.gray61@example.com'),
 ('RTF753', 'VA', 'zoe.james62@example.com'),
 ('FDS258', 'AZ', 'cody.watson63@example.com'),
 ('POI456', 'MA', 'lucy.brooks64@example.com'),
 ('LKI357', 'CO', 'caleb.kelly65@example.com'),
 ('PLM951', 'TN', 'hailey.sanders66@example.com'),
 ('KJU852', 'IN', 'cole.price67@example.com'),
 ('LOP147', 'MO', 'eva.bennett68@example.com'),
 ('MNB963', 'WI', 'owen.wood69@example.com'),
 ('HGF741', 'MN', 'bella.barnes70@example.com'),
 
 ('TRE159', 'NJ', 'isaac.ross71@example.com'),
 ('EWS753', 'AL', 'madison.henderson72@example.com'),
 ('WSX258', 'SC', 'gavin.coleman73@example.com'),
 ('QAZ456', 'KY', 'lily.patterson74@example.com'),
 ('EDC357', 'LA', 'blake.long75@example.com'),
 ('RFV951', 'OK', 'sara.jenkins76@example.com'),
 ('TGB852', 'IA', 'bradley.perry77@example.com'),
 ('YHN147', 'KS', 'juliana.powell78@example.com'),
 ('UJM963', 'NV', 'carson.russell79@example.com'),
 ('IKM741', 'AR', 'sienna.sullivan80@example.com'),
 
 ('OLN159', 'OR', 'andrew.bryant81@example.com'),
 ('MKO753', 'MS', 'morgan.rose82@example.com'),
 ('NHU258', 'UT', 'tristan.hamilton83@example.com'),
 ('BGI456', 'NE', 'elena.griffin84@example.com'),
 ('CXO357', 'NM', 'jared.diaz85@example.com'),
 ('SDA951', 'CT', 'melanie.hayes86@example.com'),
 ('WER852', 'AK', 'luke.myles87@example.com'),
 ('RTG147', 'NH', 'sasha.foster88@example.com'),
 ('ZHU963', 'HI', 'adam.gibson89@example.com'),
 ('XCV741', 'ME', 'chase.harper90@example.com'),
 
 ('RTF159', 'RI', 'kate.black91@example.com'),
 ('FDS753', 'DE', 'noah.matthews92@example.com'),
 ('POI258', 'ID', 'sophie.obrien93@example.com'),
 ('LKI456', 'MT', 'colin.stanley94@example.com'),
 ('PLM357', 'ND', 'julia.chapman95@example.com'),
 ('KJU951', 'SD', 'max.schmidt96@example.com'),
 ('LOP852', 'VT', 'aria.bowman97@example.com'),
 ('MNB147', 'WV', 'niko.hayes98@example.com'),
 ('HGF963', 'WY', 'taylor.johnston99@example.com'),
 ('TRE741', 'DC', 'faith.ellis100@example.com');
 
 
 INSERT INTO Parking.PassTypes(PassType)
 VALUES
     ('A'), ('B'), ('C'), ('D'), ('W');
 
     
 INSERT INTO Parking.LotTypes(LotType)
 VALUES
     ('A'), ('B'), ('C'), ('D'), ('W');
 
 
 INSERT INTO Parking.PassTypeYears (PassType, YearOfValidity, Price)
 VALUES
 ('A', 2023, 200.00),
 ('B', 2023, 250.00),
 ('C', 2023, 300.00),
 ('D', 2023, 350.00),
 ('W', 2023, 0.00),
 
 ('A', 2024, 250.00),
 ('B', 2024, 300.00),
 ('C', 2024, 350.00),
 ('D', 2024, 400.00),
 ('W', 2024, 0.00),
 
 ('A', 2025, 300.00),
 ('B', 2025, 350.00),
 ('C', 2025, 400.00),
 ('D', 2025, 450.00),
 ('W', 2025, 0.00);
 
 INSERT INTO Parking.Passes (PassTypeYearID, PersonID, TimePurchased)
 SELECT
     pty.PassTypeYearID,
     v.PersonID,
     DATEFROMPARTS(v.YearOfValidity, v.[Month], v.[Day])  -- or SYSDATETIMEOFFSET()
 FROM (
     VALUES
         ('A', 2023, 3, 14, 1),
         ('B', 2023, 5, 22, 2),
         ('C', 2023, 7, 19, 3),
         ('D', 2023, 8, 30, 4),
         ('W', 2023, 12, 1, 5),
 
         ('A', 2023, 3, 14, 5),
         ('B', 2023, 5, 22, 6),
         ('C', 2023, 7, 19, 7),
         ('D', 2023, 8, 30, 8),
         ('W', 2023, 12, 1, 9),
 
         ('A', 2023, 3, 14, 9),
         ('B', 2023, 5, 22, 10),
         ('C', 2023, 7, 19, 11),
         ('D', 2023, 8, 30, 12),
         ('W', 2023, 12, 1, 13),
 
         ('A', 2023, 3, 14, 14),
         ('B', 2023, 5, 22, 15),
         ('C', 2023, 7, 19, 16),
         ('D', 2023, 8, 30, 17),
         ('W', 2023, 12, 1, 18),
 
         ('A', 2023, 3, 14, 20),
         ('A', 2023, 5, 22, 21),
         ('A', 2023, 7, 19, 22),
         ('A', 2023, 8, 30, 23),
         ('A', 2023, 12, 1, 24),
 
         ('A', 2023, 3, 14, 25),
         ('A', 2023, 5, 22, 26),
         ('A', 2023, 7, 19, 27),
         ('A', 2023, 8, 30, 28),
         ('A', 2023, 12, 1, 29),
         
         ('B', 2023, 3, 14, 30),
         ('B', 2023, 5, 22, 31),
         ('B', 2023, 7, 19, 32),
         ('B', 2023, 8, 30, 33),
         ('B', 2023, 12, 1, 34),
 
         ('A', 2024, 1, 12, 6),
         ('B', 2024, 3, 8, 7),
         ('C', 2024, 6, 18, 8),
         ('D', 2024, 9, 25, 9),
         ('W', 2024, 11, 3, 10),
 
         ('A', 2024, 1, 12, 10),
         ('B', 2024, 3, 8, 11),
         ('C', 2024, 6, 18, 12),
         ('D', 2024, 9, 25, 13),
         ('W', 2024, 11, 3, 14),
 
         ('A', 2024, 1, 12, 15),
         ('B', 2024, 3, 8, 16),
         ('C', 2024, 6, 18, 17),
         ('D', 2024, 9, 25, 18),
         ('W', 2024, 11, 3, 19),
 
         ('A', 2024, 1, 12, 20),
         ('A', 2024, 3, 8, 21),
         ('A', 2024, 6, 18, 22),
         ('A', 2024, 9, 25, 23),
         ('A', 2024, 11, 3, 24),
 
         ('B', 2024, 1, 12, 25),
         ('B', 2024, 3, 8, 26),
         ('B', 2024, 6, 18, 27),
         ('B', 2024, 9, 25, 28),
         ('B', 2024, 11, 3, 29),
 
         ('C', 2024, 1, 12, 30),
         ('C', 2024, 3, 8, 31),
         ('C', 2024, 6, 18, 32),
         ('C', 2024, 9, 25, 33),
         ('C', 2024, 11, 3, 34),
 
         ('A', 2025, 2, 9, 11),
         ('B', 2025, 4, 15, 12),
         ('C', 2025, 5, 27, 13),
         ('D', 2025, 7, 6, 14),
         ('W', 2025, 10, 20, 15),
 
         ('A', 2025, 2, 9, 16),
         ('B', 2025, 4, 15, 17),
         ('C', 2025, 5, 27, 18),
         ('D', 2025, 7, 6, 19),
         ('W', 2025, 10, 20, 20),
 
         ('A', 2025, 2, 9, 20),
         ('B', 2025, 4, 15, 21),
         ('C', 2025, 5, 27, 22),
         ('D', 2025, 7, 6, 23),
         ('W', 2025, 10, 20, 24),
 
         ('A', 2025, 2, 9, 25),
         ('A', 2025, 4, 15, 26),
         ('A', 2025, 5, 27, 27),
         ('A', 2025, 7, 6, 28),
         ('A', 2025, 10, 20, 29),
 
         ('D', 2025, 2, 9, 30),
         ('D', 2025, 4, 15, 31),
         ('D', 2025, 5, 27, 32),
         ('D', 2025, 7, 6, 33),
         ('D', 2025, 10, 20, 34)
 ) AS v(PassType, YearOfValidity, [Month], [Day], PersonID)
 INNER JOIN Parking.PassTypeYears pty
     ON v.PassType = pty.PassType AND v.YearOfValidity = pty.YearOfValidity;
 
 
 
 INSERT INTO Parking.LotTypeYears (LotType, YearOfValidity, Fee)
 VALUES
 ('A', 2023, 20.00),
 ('B', 2023, 30.00),
 ('C', 2023, 40.00),
 ('D', 2023, 50.00),
 ('W', 2023, 100.00),
 
 ('A', 2024, 30.00),
 ('B', 2024, 40.00),
 ('C', 2024, 50.00),
 ('D', 2024, 60.00),
 ('W', 2024, 120.00),
 
 ('A', 2025, 35.00),
 ('B', 2025, 45.00),
 ('C', 2025, 55.00),
 ('D', 2025, 65.00),
 ('W', 2025, 120.00);
 
 
 INSERT INTO Parking.Officers (FirstName, LastName, HashPassword, UserName)
 VALUES
 ('Jon', 'Fuller', 'fcec29142240d73631cb2e865ef2b8f245e8ea3a563904f021cee043c8ce2eee', 'Fullerj'),
 ('Christian', 'Ramirez', '2999127c9a93e04ef8c83633bc27b6fbf1a05a113a8d84260d566a1c207e6a0f', 'Ramirezc'),
 ('Christian', 'Bartel', 'ed9d6a077c51a22642408369ba82bd3629bd041e9fc3ecde84b5e642dc554ded', 'Bartelc'),
 ('Taylor', 'Reynolds', '23d389406e2eae48cdc9c28745a11b239395792aa2cce8d7afe7804a85516443', 'Reynoldst'),
 ('Avery', 'Thompson', 'd7e64e83f66fa879a18dfae667a907311589d5b7422b791e16da413f49bb9101', 'Thompsona'),
 ('Riley', 'Carson', '7ca28419b0ca4cd664faaab8122a4f76493441077f7f577e8844ae0701fef43a', 'Carsonr'),
 ('Quinn', 'Wallace', 'da79e659bbdd5b0fbfa11957fb1beaa1f672a8d64521b6a0b06b3658032e618e', 'Wallaceq'),
 ('Drew', 'Harper', '26238936236e15e8fe1f25e357a5fd2cadc14e041d3d50b85c689aef6d5f3319', 'Harperd'),
 ('Logan', 'Ramsey', 'e393429fc2718994855da77ba3b1aba67014972a28471b1fecb21fa2ba375e76', 'Ramseyl'),
 ('Peyton', 'Morris', 'ae087349bb953601482c9c52169257c0cb0371cbac3d921b5896a9aba8cc8a43', 'Morrisp'),
 ('Emerson', 'Clarke', '9faf9ee14d45246ab1c76cd60b5fb513a0975a5c04ad6d6f6bcb8bddc9b43105', 'Clarkee');
 
 
 
 INSERT INTO Parking.Lots (LotName, LotType)
 VALUES
 ('West Lot', 'A'),
 ('North-West Lot', 'A'),
 ('South Lot', 'B'),
 ('South-East Lot', 'B'),
 ('East Lot', 'C'),
 ('North-East Lot', 'C'),
 ('North Lot', 'D'),
 ('South-West Lot', 'W');
 
 
 
 INSERT INTO Parking.Accessibility (PassType, LotType)
 VALUES
 ('A', 'A'),
 
 ('B', 'A'),
 ('B', 'B'),
 
 ('C', 'A'),
 ('C', 'B'),
 ('C', 'C'),
 
 ('D', 'A'),
 ('D', 'B'),
 ('D', 'C'),
 ('D', 'D'),
 
 ('W', 'W');


--tickets not yet paid
INSERT INTO Parking.Tickets (OfficerID, PersonID, LotID, TimeIssued, Fee, LateCharge)
SELECT v.OfficerID, v.PersonID, v.LotID, v.TimeIssued, lty.Fee, 0
FROM (
    VALUES
        (4, 51, 8, N'2023-05-14'),
        (5, 51, 6, N'2024-05-14'),
        (6, 51, 1, N'2025-04-10')
) AS v(OfficerID, PersonID, LotID, TimeIssued)
    INNER JOIN Parking.Lots l ON l.LotID = v.LotID
    INNER JOIN Parking.LotTypeYears lty ON lty.LotType = l.LotType AND lty.YearOfValidity = YEAR(v.TimeIssued);

--late charge policy variables
DECLARE @LateChargeInterval INT = 60;
DECLARE @LateChargePercent INT = 20;

--tickets already paid
INSERT INTO Parking.Tickets (OfficerID, PersonID, LotID, TimeIssued, Fee, LateCharge, TimePaid)
SELECT v.OfficerID, v.PersonID, v.LotID, v.TimeIssued, lty.Fee, (DATEDIFF(DAY, v.TimeIssued, v.TimePaid) / @LateChargeInterval) * lty.Fee * @LateChargePercent / 100, v.TimePaid
FROM (
    VALUES
        (2, 84, 3, N'2023-09-27', N'2023-09-30'),
        (4, 67, 6, N'2024-01-08', N'2024-01-11'),
        (2, 91, 3, N'2024-07-27', N'2024-07-28'),
        (11, 67, 1, N'2023-03-18', N'2023-03-22'),
        (2, 66, 6, N'2025-02-12', N'2025-02-19'),
        (8, 70, 6, N'2024-09-13', N'2024-09-14'),
        (5, 73, 2, N'2023-12-08', N'2023-12-08'),
        (7, 88, 1, N'2024-05-26', N'2024-05-27'),
        (2, 90, 2, N'2024-04-09', N'2024-04-25'),
        (8, 72, 1, N'2025-04-19', N'2025-04-27'),
        (2, 96, 3, N'2025-04-14', N'2025-04-15'),
        (7, 85, 5, N'2025-02-10', N'2025-02-12'),
        (3, 64, 1, N'2025-02-19', N'2025-02-21'),
        (5, 66, 3, N'2024-10-18', N'2024-10-26'),
        (6, 98, 4, N'2024-09-05', N'2024-09-09'),
        (6, 87, 7, N'2023-07-12', N'2023-07-24'),
        (6, 84, 2, N'2024-09-16', N'2024-09-23'),
        (2, 93, 3, N'2025-04-20', N'2025-04-26'),
        (9, 67, 1, N'2023-09-25', N'2023-09-25'),
        (4, 77, 7, N'2024-09-25', N'2024-09-27'),
        (9, 56, 4, N'2024-04-02', N'2024-04-21'),
        (8, 100, 4, N'2024-03-14', N'2024-03-30'),
        (4, 61, 1, N'2023-05-02', N'2023-05-12'),
        (10, 81, 8, N'2025-03-25', N'2025-03-26'),
        (5, 99, 7, N'2024-11-02', N'2024-11-13'),
        (9, 83, 3, N'2025-03-15', N'2025-03-15'),
        (8, 59, 1, N'2024-01-05', N'2024-01-14'),
        (1, 90, 5, N'2023-03-17', N'2023-03-26'),
        (3, 59, 5, N'2024-10-23', N'2024-10-27'),
        (6, 100, 5, N'2024-03-14', N'2024-03-15'),
        (8, 97, 6, N'2024-07-04', N'2024-07-16'),
        (2, 89, 1, N'2025-04-15', N'2025-04-15'),
        (10, 82, 4, N'2023-05-26', N'2023-05-26'),
        (3, 57, 4, N'2025-04-13', N'2025-04-28'),
        (11, 98, 3, N'2025-02-08', N'2025-02-08'),
        (9, 86, 2, N'2023-06-03', N'2023-06-06'),
        (4, 90, 6, N'2024-08-02', N'2024-08-30'),
        (6, 74, 6, N'2023-06-06', N'2023-06-16'),
        (7, 55, 6, N'2023-04-13', N'2023-04-24'),
        (7, 78, 2, N'2025-04-04', N'2025-04-12'),
        (6, 66, 5, N'2024-07-08', N'2024-07-24'),
        (7, 82, 3, N'2023-07-04', N'2023-07-11'),
        (8, 69, 4, N'2025-04-24', N'2025-04-25'),
        (2, 53, 4, N'2024-05-17', N'2024-05-20'),
        (2, 72, 6, N'2024-08-01', N'2024-08-23'),
        (4, 76, 7, N'2025-02-26', N'2025-02-28'),
        (8, 72, 3, N'2023-12-24', N'2023-12-26'),
        (6, 66, 3, N'2025-02-05', N'2025-02-24'),
        (9, 56, 3, N'2024-04-26', N'2024-04-29'),
        (4, 96, 6, N'2024-10-28', N'2024-10-30'),
        (10, 61, 5, N'2024-07-06', N'2024-07-17'),
        (10, 92, 7, N'2025-03-21', N'2025-03-27'),
        (9, 65, 6, N'2025-02-21', N'2025-02-28'),
        (9, 70, 2, N'2024-05-26', N'2024-05-28'),
        (5, 74, 1, N'2023-11-18', N'2023-11-29'),
        (6, 54, 2, N'2024-03-20', N'2024-03-24'),
        (11, 66, 7, N'2023-12-06', N'2023-12-17'),
        (11, 62, 6, N'2024-04-12', N'2024-04-23'),
        (7, 69, 8, N'2023-08-22', N'2023-08-23'),
        (9, 98, 7, N'2025-03-20', N'2025-03-22'),
        (4, 84, 3, N'2024-08-12', N'2024-08-14'),
        (2, 84, 3, N'2023-06-21', N'2023-06-21'),
        (5, 91, 1, N'2023-04-04', N'2023-04-29'),
        (10, 97, 3, N'2023-01-10', N'2023-01-27'),
        (2, 76, 6, N'2023-08-17', N'2023-08-30'),
        (3, 56, 7, N'2025-03-09', N'2025-03-20'),
        (6, 57, 4, N'2025-04-03', N'2025-04-19'),
        (5, 97, 4, N'2025-03-10', N'2025-03-16'),
        (9, 100, 6, N'2025-03-18', N'2025-03-23'),
        (5, 71, 1, N'2024-09-17', N'2024-09-26'),
        (3, 99, 6, N'2023-02-23', N'2023-02-28'),
        (5, 80, 6, N'2024-07-23', N'2024-07-23'),
        (10, 72, 5, N'2023-09-20', N'2023-09-30'),
        (11, 71, 6, N'2025-04-27', N'2025-04-28'),
        (6, 70, 1, N'2025-03-01', N'2025-03-01'),
        (6, 86, 8, N'2025-02-26', N'2025-02-28'),
        (1, 53, 4, N'2025-02-22', N'2025-02-28'),
        (9, 91, 7, N'2024-03-26', N'2024-03-30'),
        (7, 56, 3, N'2025-01-22', N'2025-01-22'),
        (2, 85, 5, N'2024-08-19', N'2024-08-30'),
        (5, 82, 8, N'2023-03-11', N'2023-03-17'),
        (5, 81, 2, N'2025-01-25', N'2025-01-27'),
        (2, 87, 5, N'2024-11-15', N'2024-11-27'),
        (6, 65, 7, N'2025-03-17', N'2025-03-26'),
        (10, 67, 3, N'2023-01-11', N'2023-01-23'),
        (3, 95, 7, N'2024-11-21', N'2024-11-25'),
        (8, 63, 3, N'2024-09-17', N'2024-09-18'),
        (4, 95, 4, N'2024-10-19', N'2024-10-30'),
        (2, 54, 3, N'2024-07-16', N'2024-07-30'),
        (5, 78, 4, N'2025-04-19', N'2025-04-20'),
        (2, 76, 8, N'2024-05-22', N'2024-05-25'),
        (1, 80, 7, N'2024-09-03', N'2024-09-24'),
        (9, 56, 3, N'2024-02-19', N'2024-02-25'),
        (3, 67, 8, N'2024-03-28', N'2024-03-28'),
        (2, 62, 2, N'2024-02-15', N'2024-02-26'),
        (6, 99, 5, N'2024-07-12', N'2024-07-18'),
        (9, 76, 2, N'2025-02-08', N'2025-02-24'),
        (5, 61, 2, N'2024-04-09', N'2024-04-12'),
        (2, 51, 2, N'2023-09-03', N'2023-09-09'),
        (6, 76, 2, N'2025-02-17', N'2025-02-19'),
        (11, 59, 7, N'2025-04-25', N'2025-04-27'),
        (4, 63, 6, N'2024-08-20', N'2024-08-26'),
        (3, 70, 7, N'2024-03-07', N'2024-03-24'),
        (11, 61, 3, N'2023-10-18', N'2023-10-18'),
        (5, 84, 3, N'2025-04-20', N'2025-04-22'),
        (7, 53, 8, N'2025-02-19', N'2025-02-27'),
        (9, 93, 8, N'2023-12-01', N'2023-12-12'),
        (10, 81, 7, N'2025-03-26', N'2025-03-27'),
        (11, 72, 6, N'2023-12-02', N'2023-12-23'),
        (2, 55, 4, N'2024-01-13', N'2024-01-20'),
        (2, 52, 1, N'2025-01-23', N'2025-01-27'),
        (3, 90, 7, N'2024-04-01', N'2024-04-16'),
        (3, 92, 6, N'2025-02-04', N'2025-02-22'),
        (11, 56, 7, N'2024-06-16', N'2024-06-28'),
        (1, 78, 6, N'2025-04-08', N'2025-04-14'),
        (6, 55, 7, N'2024-11-02', N'2024-11-20'),
        (4, 74, 8, N'2025-01-23', N'2025-01-23'),
        (11, 53, 1, N'2025-02-13', N'2025-02-17'),
        (11, 70, 8, N'2024-02-17', N'2024-02-25'),
        (2, 89, 4, N'2023-09-27', N'2023-09-27'),
        (4, 73, 4, N'2023-10-09', N'2023-10-11'),
        (7, 58, 3, N'2023-01-15', N'2023-01-23'),
        (5, 98, 4, N'2024-12-07', N'2024-12-20'),
        (11, 62, 3, N'2025-03-17', N'2025-03-26'),
        (2, 86, 2, N'2023-01-08', N'2023-01-19'),
        (3, 96, 1, N'2023-11-05', N'2023-11-16'),
        (7, 53, 8, N'2023-03-23', N'2023-03-25'),
        (5, 75, 2, N'2025-04-08', N'2025-04-21'),
        (11, 51, 3, N'2023-07-15', N'2023-07-16'),
        (3, 65, 8, N'2023-02-26', N'2023-02-26'),
        (7, 72, 4, N'2024-03-26', N'2024-03-28'),
        (7, 71, 6, N'2025-04-17', N'2025-04-30'),
        (6, 93, 2, N'2023-02-22', N'2023-02-27'),
        (4, 92, 4, N'2024-05-08', N'2024-05-14'),
        (3, 99, 8, N'2025-02-07', N'2025-02-18'),
        (5, 71, 7, N'2023-03-03', N'2023-03-03'),
        (1, 91, 8, N'2023-10-02', N'2023-10-12'),
        (3, 91, 8, N'2023-02-18', N'2023-02-24'),
        (1, 71, 4, N'2024-02-02', N'2024-02-18'),
        (3, 73, 1, N'2025-04-17', N'2025-04-25'),
        (11, 89, 5, N'2023-07-04', N'2023-07-13'),
        (4, 51, 7, N'2025-03-24', N'2025-03-30'),
        (6, 56, 6, N'2025-02-24', N'2025-02-24'),
        (10, 92, 8, N'2023-04-05', N'2023-04-18'),
        (6, 59, 2, N'2025-01-19', N'2025-01-28'),
        (4, 86, 3, N'2025-01-12', N'2025-01-26'),
        (5, 82, 6, N'2025-04-22', N'2025-04-24'),
        (9, 84, 3, N'2023-12-10', N'2023-12-13'),
        (4, 89, 3, N'2024-02-24', N'2024-02-24'),
        (7, 97, 4, N'2023-08-13', N'2023-08-17'),
        (7, 53, 7, N'2024-02-11', N'2024-02-14'),
        (3, 98, 4, N'2023-09-23', N'2023-09-23'),
        (1, 89, 8, N'2025-04-27', N'2025-04-29'),
        (2, 63, 7, N'2025-02-22', N'2025-02-25'),
        (9, 97, 2, N'2025-01-27', N'2025-01-27'),
        (8, 51, 1, N'2023-05-05', N'2023-05-19'),
        (10, 85, 3, N'2024-01-13', N'2024-01-27'),
        (4, 60, 3, N'2025-02-03', N'2025-02-11'),
        (8, 64, 5, N'2024-01-11', N'2024-01-15'),
        (8, 84, 5, N'2024-10-17', N'2024-10-25'),
        (3, 76, 2, N'2023-09-12', N'2023-09-28'),
        (7, 90, 6, N'2023-04-20', N'2023-04-25'),
        (6, 78, 6, N'2024-09-27', N'2024-09-30'),
        (9, 60, 5, N'2024-11-19', N'2024-11-20'),
        (7, 76, 1, N'2023-10-04', N'2023-10-13'),
        (1, 53, 3, N'2025-04-24', N'2025-04-24'),
        (2, 67, 2, N'2023-01-24', N'2023-01-27'),
        (6, 55, 8, N'2025-03-18', N'2025-03-29'),
        (6, 63, 5, N'2024-11-28', N'2024-11-28'),
        (5, 76, 6, N'2024-06-19', N'2024-06-27'),
        (3, 94, 7, N'2025-01-06', N'2025-01-30'),
        (8, 93, 3, N'2023-11-18', N'2023-11-20'),
        (10, 76, 4, N'2024-06-06', N'2024-06-07'),
        (1, 65, 6, N'2025-04-24', N'2025-04-25'),
        (1, 65, 8, N'2025-03-19', N'2025-03-30'),
        (9, 74, 4, N'2024-08-15', N'2024-08-30'),
        (5, 58, 5, N'2023-01-09', N'2023-01-13'),
        (2, 67, 4, N'2025-01-11', N'2025-01-29'),
        (6, 75, 7, N'2024-01-16', N'2024-01-20'),
        (11, 82, 6, N'2023-02-27', N'2023-02-27'),
        (7, 94, 1, N'2023-06-04', N'2023-06-12'),
        (11, 96, 7, N'2025-04-21', N'2025-04-24'),
        (11, 52, 6, N'2023-08-19', N'2023-08-28'),
        (9, 87, 8, N'2025-01-19', N'2025-01-26'),
        (9, 51, 6, N'2025-01-13', N'2025-01-22'),
        (11, 77, 1, N'2025-01-10', N'2025-01-16'),
        (6, 83, 2, N'2025-04-21', N'2025-04-22'),
        (5, 55, 6, N'2024-08-03', N'2024-08-03'),
        (7, 67, 6, N'2023-10-26', N'2023-10-30'),
        (11, 92, 6, N'2024-08-15', N'2024-08-30'),
        (10, 88, 5, N'2025-04-17', N'2025-04-29'),
        (7, 76, 6, N'2024-08-18', N'2024-08-18'),
        (1, 59, 8, N'2023-03-01', N'2023-03-27'),
        (3, 54, 6, N'2025-04-09', N'2025-04-16'),
        (9, 93, 6, N'2023-05-02', N'2023-05-30'),
        (1, 77, 1, N'2025-02-20', N'2025-02-28'),
        (9, 89, 7, N'2025-01-14', N'2025-01-22'),
        (7, 86, 4, N'2025-04-06', N'2025-04-25'),
        (3, 67, 2, N'2023-12-10', N'2023-12-18'),
        (2, 86, 2, N'2023-06-27', N'2023-06-28'),
        (2, 99, 3, N'2023-07-13', N'2023-07-29'),
        (1, 76, 4, N'2023-11-07', N'2023-11-24'),
        (1, 82, 7, N'2023-06-04', N'2023-06-15'),
        (11, 91, 4, N'2024-01-12', N'2024-01-19'),
        (6, 86, 2, N'2024-10-25', N'2024-10-29'),
        (9, 84, 2, N'2024-07-28', N'2024-07-28'),
        (1, 75, 2, N'2024-08-26', N'2024-08-28'),
        (10, 92, 2, N'2025-03-23', N'2025-03-30'),
        (3, 67, 4, N'2024-07-07', N'2024-07-10'),
        (1, 87, 8, N'2024-05-15', N'2024-05-21'),
        (10, 98, 7, N'2023-04-17', N'2023-04-18'),
        (11, 63, 3, N'2023-01-15', N'2023-01-26'),
        (11, 72, 6, N'2023-01-06', N'2023-01-09'),
        (9, 94, 4, N'2023-10-27', N'2023-10-28'),
        (2, 54, 7, N'2024-09-07', N'2024-09-29'),
        (5, 83, 3, N'2025-03-07', N'2025-03-16'),
        (6, 65, 8, N'2024-07-19', N'2024-07-24'),
        (10, 84, 8, N'2025-04-11', N'2025-04-23'),
        (1, 91, 2, N'2023-11-05', N'2023-11-24'),
        (1, 51, 3, N'2023-08-16', N'2023-08-21'),
        (1, 62, 3, N'2024-11-16', N'2024-11-16'),
        (4, 77, 5, N'2025-02-07', N'2025-02-24'),
        (2, 87, 5, N'2025-01-20', N'2025-01-23'),
        (1, 67, 3, N'2023-12-28', N'2023-12-29'),
        (8, 80, 4, N'2025-03-05', N'2025-03-13'),
        (6, 52, 4, N'2025-03-20', N'2025-03-20'),
        (4, 95, 3, N'2023-04-07', N'2023-04-18'),
        (7, 98, 7, N'2024-09-23', N'2024-09-27'),
        (6, 100, 8, N'2024-07-14', N'2024-07-28'),
        (2, 68, 3, N'2024-03-12', N'2024-03-27'),
        (3, 95, 8, N'2025-01-13', N'2025-01-27'),
        (9, 92, 8, N'2023-09-11', N'2023-09-16'),
        (10, 57, 8, N'2024-09-25', N'2024-09-29'),
        (10, 53, 3, N'2023-02-09', N'2023-02-14'),
        (5, 71, 2, N'2024-02-13', N'2024-02-19'),
        (10, 76, 7, N'2025-01-22', N'2025-01-28'),
        (4, 85, 6, N'2023-11-09', N'2023-11-16'),
        (5, 69, 6, N'2025-04-08', N'2025-04-25'),
        (1, 86, 3, N'2024-02-02', N'2024-02-04'),
        (9, 100, 3, N'2023-05-21', N'2023-05-28'),
        (4, 77, 7, N'2024-10-14', N'2024-10-15'),
        (10, 55, 3, N'2024-03-11', N'2024-03-15'),
        (3, 61, 2, N'2023-11-19', N'2023-11-26'),
        (10, 68, 2, N'2024-12-28', N'2024-12-29'),
        (1, 88, 1, N'2023-08-26', N'2023-08-26'),
        (6, 76, 6, N'2024-07-16', N'2024-07-16'),
        (9, 63, 8, N'2025-03-06', N'2025-03-23'),
        (1, 61, 6, N'2023-11-10', N'2023-11-12'),
        (4, 65, 7, N'2024-01-19', N'2024-01-28'),
        (11, 51, 7, N'2025-03-03', N'2025-03-19'),
        (6, 66, 1, N'2023-04-09', N'2023-04-27'),
        (4, 66, 7, N'2025-02-15', N'2025-02-20'),
        (2, 100, 4, N'2023-11-10', N'2023-11-23'),
        (6, 90, 1, N'2024-06-11', N'2024-06-13'),
        (10, 84, 2, N'2024-09-25', N'2024-09-25'),
        (4, 69, 3, N'2024-11-28', N'2024-11-30'),
        (2, 62, 2, N'2024-02-11', N'2024-02-21'),
        (1, 91, 4, N'2023-05-08', N'2023-05-09'),
        (1, 93, 5, N'2025-02-14', N'2025-02-17'),
        (6, 87, 5, N'2023-11-16', N'2023-11-24'),
        (5, 58, 8, N'2025-03-09', N'2025-03-22'),
        (8, 54, 8, N'2025-03-18', N'2025-03-29'),
        (9, 62, 1, N'2023-06-25', N'2023-06-28'),
        (4, 57, 8, N'2023-03-26', N'2023-03-30'),
        (8, 88, 5, N'2025-01-20', N'2025-01-29'),
        (9, 79, 3, N'2024-11-22', N'2024-11-29'),
        (1, 70, 5, N'2024-10-07', N'2024-10-25'),
        (11, 85, 1, N'2024-03-23', N'2024-03-25'),
        (6, 81, 1, N'2023-12-19', N'2023-12-30'),
        (3, 84, 7, N'2025-02-20', N'2025-02-21'),
        (7, 79, 4, N'2023-04-11', N'2023-04-20'),
        (11, 76, 6, N'2023-03-01', N'2023-03-26'),
        (10, 92, 3, N'2023-10-09', N'2023-10-13'),
        (11, 51, 6, N'2025-03-24', N'2025-03-25'),
        (1, 91, 2, N'2025-02-01', N'2025-02-07'),
        (6, 94, 5, N'2024-09-02', N'2024-09-10'),
        (5, 53, 3, N'2024-10-18', N'2024-10-24'),
        (5, 71, 6, N'2025-02-22', N'2025-02-25'),
        (4, 86, 2, N'2025-03-11', N'2025-03-26'),
        (9, 78, 3, N'2023-07-01', N'2023-07-07'),
        (11, 96, 3, N'2024-01-23', N'2024-01-26'),
        (7, 53, 3, N'2023-05-01', N'2023-05-22'),
        (7, 81, 1, N'2025-01-09', N'2025-01-25'),
        (9, 69, 2, N'2023-08-04', N'2023-08-25'),
        (2, 61, 8, N'2025-02-20', N'2025-02-25'),
        (7, 68, 5, N'2024-07-20', N'2024-07-24'),
        (6, 94, 2, N'2023-04-23', N'2023-04-28'),
        (9, 99, 6, N'2023-03-01', N'2023-03-08'),
        (10, 97, 6, N'2023-09-05', N'2023-09-10'),
        (2, 95, 2, N'2023-04-08', N'2023-04-15'),
        (3, 73, 8, N'2023-02-26', N'2023-02-26'),
        (11, 91, 1, N'2025-02-14', N'2025-02-16'),
        (5, 51, 2, N'2024-01-17', N'2024-01-26'),
        (7, 65, 6, N'2024-06-17', N'2024-06-29'),
        (5, 53, 1, N'2024-07-20', N'2024-07-25'),
        (1, 93, 2, N'2025-02-04', N'2025-02-23'),
        (5, 52, 3, N'2025-02-11', N'2025-02-11'),
        (3, 71, 2, N'2024-01-13', N'2024-01-26'),
        (7, 62, 8, N'2025-01-24', N'2025-01-25'),
        (5, 98, 7, N'2023-07-19', N'2023-07-29'),
        (2, 94, 5, N'2023-08-04', N'2023-08-26'),
        (3, 88, 1, N'2024-12-01', N'2024-12-27'),
        (5, 94, 5, N'2023-05-19', N'2023-05-28'),
        (9, 85, 6, N'2023-04-17', N'2023-04-19'),
        (3, 73, 1, N'2025-01-07', N'2025-01-11'),
        (8, 53, 2, N'2025-04-13', N'2025-04-18'),
        (8, 98, 4, N'2025-04-28', N'2025-04-28'),
        (8, 59, 3, N'2025-04-19', N'2025-04-21'),
        (5, 59, 7, N'2025-03-15', N'2025-03-28'),
        (11, 57, 7, N'2024-05-05', N'2024-05-26'),
        (11, 92, 4, N'2024-01-15', N'2024-01-26'),
        (1, 67, 6, N'2025-04-26', N'2025-04-27'),
        (1, 88, 1, N'2025-02-14', N'2025-02-17'),
        (11, 66, 2, N'2024-09-09', N'2024-09-30'),
        (9, 63, 4, N'2023-05-08', N'2023-05-14'),
        (10, 90, 1, N'2024-05-09', N'2024-05-10'),
        (4, 75, 8, N'2025-01-07', N'2025-01-15'),
        (9, 98, 2, N'2023-01-10', N'2023-01-12'),
        (9, 95, 6, N'2023-08-18', N'2023-08-29'),
        (11, 72, 8, N'2024-11-13', N'2024-11-14'),
        (5, 55, 1, N'2024-06-22', N'2024-06-29'),
        (7, 79, 3, N'2025-01-25', N'2025-01-28'),
        (6, 78, 3, N'2025-03-05', N'2025-03-30'),
        (11, 54, 3, N'2024-12-27', N'2024-12-30'),
        (10, 76, 2, N'2024-12-05', N'2024-12-28'),
        (9, 64, 6, N'2025-04-19', N'2025-04-23'),
        (7, 76, 2, N'2023-09-21', N'2023-09-27'),
        (6, 100, 1, N'2023-08-05', N'2023-08-29'),
        (10, 72, 3, N'2024-08-19', N'2024-08-29'),
        (10, 55, 2, N'2025-04-19', N'2025-04-28'),
        (8, 80, 1, N'2023-01-18', N'2023-01-20'),
        (10, 58, 1, N'2024-04-08', N'2024-04-16'),
        (4, 86, 2, N'2023-04-02', N'2023-04-19'),
        (9, 74, 6, N'2025-03-18', N'2025-03-18'),
        (4, 56, 7, N'2024-04-28', N'2024-04-30'),
        (10, 83, 6, N'2023-02-03', N'2023-02-27'),
        (7, 57, 4, N'2023-02-22', N'2023-02-23'),
        (2, 96, 4, N'2024-02-16', N'2024-02-22'),
        (6, 72, 5, N'2025-04-25', N'2025-04-27'),
        (1, 57, 6, N'2025-04-10', N'2025-04-28'),
        (11, 96, 8, N'2024-06-28', N'2024-06-28'),
        (10, 83, 7, N'2025-02-13', N'2025-02-17'),
        (11, 59, 3, N'2024-02-13', N'2024-02-13'),
        (5, 99, 3, N'2024-11-02', N'2024-11-25'),
        (5, 66, 4, N'2023-12-06', N'2023-12-18'),
        (10, 63, 6, N'2023-01-08', N'2023-01-10'),
        (1, 99, 8, N'2024-05-01', N'2024-05-23'),
        (7, 100, 2, N'2023-11-02', N'2023-11-21'),
        (8, 95, 3, N'2023-04-08', N'2023-04-27'),
        (8, 75, 2, N'2024-10-23', N'2024-10-24'),
        (5, 64, 1, N'2025-01-04', N'2025-01-21'),
        (6, 86, 6, N'2023-06-19', N'2023-06-28'),
        (8, 80, 3, N'2023-07-14', N'2023-07-14'),
        (1, 90, 4, N'2025-03-14', N'2025-03-14'),
        (2, 53, 3, N'2023-12-01', N'2023-12-26'),
        (4, 93, 1, N'2025-01-04', N'2025-01-11'),
        (2, 100, 6, N'2024-04-11', N'2024-04-28'),
        (4, 89, 8, N'2023-11-04', N'2023-11-29'),
        (6, 58, 6, N'2023-05-07', N'2023-05-27'),
        (3, 52, 7, N'2025-01-16', N'2025-01-30'),
        (6, 83, 1, N'2025-03-03', N'2025-03-24'),
        (3, 55, 8, N'2023-07-16', N'2023-07-23'),
        (5, 94, 8, N'2023-09-22', N'2023-09-22'),
        (9, 72, 8, N'2024-06-06', N'2024-06-27'),
        (2, 92, 6, N'2023-12-08', N'2023-12-16'),
        (6, 63, 4, N'2023-05-02', N'2023-05-03'),
        (1, 65, 3, N'2025-04-05', N'2025-04-24'),
        (4, 60, 2, N'2024-10-23', N'2024-10-25'),
        (10, 73, 5, N'2024-12-09', N'2024-12-29'),
        (10, 97, 2, N'2024-02-08', N'2024-02-25'),
        (4, 67, 1, N'2024-06-02', N'2024-06-28'),
        (6, 86, 7, N'2025-04-14', N'2025-04-26'),
        (3, 67, 5, N'2025-03-11', N'2025-03-20'),
        (3, 77, 1, N'2023-02-07', N'2023-02-28'),
        (6, 87, 1, N'2024-06-03', N'2024-06-05'),
        (2, 85, 4, N'2024-10-04', N'2024-10-25'),
        (7, 58, 4, N'2023-08-08', N'2023-08-21'),
        (6, 76, 3, N'2025-03-18', N'2025-03-28'),
        (8, 97, 6, N'2025-01-02', N'2025-01-30'),
        (10, 91, 4, N'2024-02-25', N'2024-02-28'),
        (8, 88, 2, N'2023-02-25', N'2023-02-26'),
        (8, 83, 1, N'2023-12-15', N'2023-12-23'),
        (8, 60, 8, N'2024-12-06', N'2024-12-19'),
        (7, 77, 2, N'2025-01-09', N'2025-01-23'),
        (10, 96, 4, N'2023-03-28', N'2023-03-28'),
        (10, 80, 6, N'2024-05-11', N'2024-05-14'),
        (9, 53, 6, N'2025-02-22', N'2025-02-22'),
        (7, 69, 1, N'2024-08-21', N'2024-08-29'),
        (6, 99, 1, N'2025-03-17', N'2025-03-25'),
        (7, 86, 5, N'2025-02-06', N'2025-02-13'),
        (1, 96, 2, N'2023-07-28', N'2023-07-28'),
        (8, 81, 3, N'2025-03-19', N'2025-03-30'),
        (8, 57, 2, N'2024-11-23', N'2024-11-23'),
        (4, 58, 5, N'2023-02-01', N'2023-02-24'),
        (11, 56, 6, N'2023-07-03', N'2023-07-10'),
        (3, 72, 8, N'2023-05-11', N'2023-05-17'),
        (5, 60, 2, N'2023-02-18', N'2023-02-20'),
        (9, 75, 7, N'2023-09-12', N'2023-09-14'),
        (1, 92, 7, N'2025-03-28', N'2025-03-28'),
        (2, 53, 6, N'2025-04-05', N'2025-04-10'),
        (2, 95, 5, N'2023-10-10', N'2023-10-28'),
        (6, 67, 3, N'2025-03-13', N'2025-03-23'),
        (4, 69, 2, N'2023-08-03', N'2023-08-11'),
        (8, 61, 2, N'2023-02-26', N'2023-02-28'),
        (8, 57, 7, N'2024-01-14', N'2024-01-24'),
        (10, 86, 3, N'2024-10-26', N'2024-10-29'),
        (9, 82, 7, N'2023-12-14', N'2023-12-27'),
        (2, 80, 3, N'2024-11-16', N'2024-11-29'),
        (10, 92, 7, N'2025-03-25', N'2025-03-27'),
        (3, 66, 8, N'2025-01-10', N'2025-01-24'),
        (1, 61, 2, N'2024-05-16', N'2024-05-20'),
        (3, 95, 6, N'2023-05-21', N'2023-05-29'),
        (4, 67, 7, N'2023-01-09', N'2023-01-25'),
        (6, 52, 1, N'2025-01-16', N'2025-01-22'),
        (6, 65, 4, N'2023-08-05', N'2023-08-24'),
        (6, 77, 7, N'2024-12-13', N'2024-12-13'),
        (4, 53, 5, N'2025-02-10', N'2025-02-17'),
        (4, 87, 2, N'2023-12-17', N'2023-12-25'),
        (2, 71, 8, N'2023-08-16', N'2023-08-29'),
        (6, 72, 7, N'2025-02-18', N'2025-02-27'),
        (3, 91, 5, N'2025-04-14', N'2025-04-27'),
        (8, 88, 1, N'2023-03-20', N'2023-03-26'),
        (9, 55, 6, N'2023-03-24', N'2023-03-24'),
        (4, 73, 5, N'2023-04-19', N'2023-04-25'),
        (4, 66, 6, N'2024-03-02', N'2024-03-17'),
        (4, 58, 2, N'2025-01-09', N'2025-01-23'),
        (11, 100, 2, N'2023-05-17', N'2023-05-20'),
        (4, 72, 6, N'2024-10-24', N'2024-10-29'),
        (9, 65, 7, N'2023-05-05', N'2023-05-05'),
        (3, 83, 1, N'2025-04-26', N'2025-04-28'),
        (6, 84, 5, N'2023-11-05', N'2023-11-14'),
        (2, 100, 5, N'2024-10-17', N'2024-10-28'),
        (3, 77, 8, N'2024-04-13', N'2024-04-26'),
        (8, 92, 3, N'2024-04-20', N'2024-04-21'),
        (8, 55, 4, N'2023-05-13', N'2023-05-19'),
        (8, 86, 2, N'2023-07-12', N'2023-07-18'),
        (6, 54, 6, N'2024-07-11', N'2024-07-18'),
        (3, 59, 3, N'2024-10-28', N'2024-10-28'),
        (2, 70, 4, N'2025-01-05', N'2025-01-26'),
        (2, 64, 4, N'2023-09-28', N'2023-09-29'),
        (1, 86, 8, N'2024-11-18', N'2024-11-27'),
        (9, 53, 7, N'2023-10-28', N'2023-10-30'),
        (7, 53, 7, N'2025-03-06', N'2025-03-17'),
        (5, 72, 4, N'2024-04-18', N'2024-04-29'),
        (7, 62, 5, N'2025-01-03', N'2025-01-27'),
        (9, 95, 1, N'2024-11-20', N'2024-11-25'),
        (10, 95, 8, N'2025-01-18', N'2025-01-29'),
        (5, 58, 5, N'2024-12-13', N'2024-12-17'),
        (6, 73, 6, N'2025-01-28', N'2025-01-29'),
        (11, 55, 6, N'2024-06-06', N'2024-06-08'),
        (3, 90, 8, N'2023-01-19', N'2023-01-19'),
        (1, 94, 8, N'2025-02-16', N'2025-02-17'),
        (9, 62, 5, N'2025-04-20', N'2025-04-30'),
        (10, 61, 6, N'2023-03-09', N'2023-03-29'),
        (10, 63, 8, N'2024-02-19', N'2024-02-21'),
        (7, 98, 6, N'2025-01-17', N'2025-01-17'),
        (10, 82, 2, N'2025-02-02', N'2025-02-26'),
        (2, 76, 7, N'2024-10-20', N'2024-10-20'),
        (10, 76, 5, N'2024-11-24', N'2024-11-26'),
        (10, 75, 6, N'2025-01-19', N'2025-01-30'),
        (4, 92, 8, N'2023-01-28', N'2023-01-29'),
        (7, 54, 7, N'2024-04-13', N'2024-04-28'),
        (1, 60, 8, N'2025-04-20', N'2025-04-27'),
        (4, 72, 5, N'2023-05-06', N'2023-05-28'),
        (1, 80, 6, N'2024-11-27', N'2024-11-29'),
        (1, 83, 7, N'2024-11-19', N'2024-11-24'),
        (6, 58, 3, N'2024-12-08', N'2024-12-20'),
        (11, 81, 1, N'2023-04-15', N'2023-04-21'),
        (10, 98, 7, N'2025-02-25', N'2025-02-26'),
        (9, 77, 2, N'2025-01-01', N'2025-01-23'),
        (4, 88, 1, N'2024-08-18', N'2024-08-30'),
        (1, 67, 1, N'2023-01-06', N'2023-01-06'),
        (6, 79, 6, N'2025-01-20', N'2025-01-21'),
        (5, 86, 2, N'2024-10-19', N'2024-10-23'),
        (3, 92, 8, N'2023-03-10', N'2023-03-25'),
        (4, 87, 2, N'2023-04-28', N'2023-04-29'),
        (10, 95, 6, N'2023-05-09', N'2023-05-15'),
        (3, 68, 2, N'2024-12-03', N'2024-12-07'),
        (6, 58, 5, N'2024-04-16', N'2024-04-27'),
        (4, 61, 8, N'2025-04-22', N'2025-04-30'),
        (1, 51, 7, N'2023-08-15', N'2023-08-22'),
        (1, 90, 2, N'2024-12-01', N'2024-12-12'),
        (6, 80, 7, N'2024-06-08', N'2024-06-21'),
        (9, 85, 3, N'2024-08-20', N'2024-08-29'),
        (6, 87, 8, N'2024-01-07', N'2024-01-24'),
        (4, 65, 1, N'2024-07-14', N'2024-07-27'),
        (4, 60, 3, N'2024-12-08', N'2024-12-18'),
        (6, 99, 1, N'2023-11-21', N'2023-11-23'),
        (9, 89, 8, N'2025-03-26', N'2025-03-30'),
        (9, 67, 2, N'2025-01-12', N'2025-01-21'),
        (9, 58, 5, N'2024-08-13', N'2024-08-24'),
        (10, 92, 8, N'2023-05-06', N'2023-05-18'),
        (3, 75, 6, N'2025-03-25', N'2025-03-25'),
        (3, 82, 2, N'2023-10-08', N'2023-10-10'),
        (10, 76, 8, N'2025-02-13', N'2025-02-27'),
        (9, 100, 1, N'2023-12-12', N'2023-12-28'),
        (10, 95, 7, N'2023-03-24', N'2023-03-26'),
        (2, 99, 5, N'2024-03-11', N'2024-03-21'),
        (9, 100, 6, N'2025-01-19', N'2025-01-24'),
        (8, 56, 2, N'2023-05-18', N'2023-05-23'),
        (2, 83, 8, N'2023-02-18', N'2023-02-18'),
        (5, 76, 1, N'2024-06-24', N'2024-06-28'),
        (5, 64, 1, N'2025-03-11', N'2025-03-15'),
        (4, 67, 7, N'2023-03-24', N'2023-03-29'),
        (9, 88, 4, N'2024-02-20', N'2024-02-26'),
        (4, 85, 1, N'2023-09-27', N'2023-09-30'),
        (4, 70, 6, N'2024-02-26', N'2024-02-26'),
        (7, 57, 6, N'2023-09-26', N'2023-09-30'),
        (8, 90, 5, N'2024-10-07', N'2024-10-28'),
        (11, 70, 1, N'2023-03-21', N'2023-03-29'),
        (9, 85, 5, N'2023-08-17', N'2023-08-29'),
        (6, 71, 2, N'2024-03-17', N'2024-03-23'),
        (5, 64, 7, N'2023-02-19', N'2023-02-20'),
        (8, 85, 3, N'2024-10-28', N'2024-10-28'),
        (2, 69, 7, N'2023-09-13', N'2023-09-29'),
        (6, 54, 7, N'2023-06-12', N'2023-06-26'),
        (9, 52, 4, N'2025-03-17', N'2025-03-19'),
        (2, 51, 1, N'2023-11-08', N'2023-11-25'),
        (11, 82, 7, N'2023-02-21', N'2023-02-24'),
        (10, 97, 8, N'2025-04-25', N'2025-04-25'),
        (9, 74, 4, N'2023-05-09', N'2023-05-24'),
        (4, 83, 6, N'2024-05-17', N'2024-05-22'),
        (11, 87, 7, N'2024-06-17', N'2024-06-22'),
        (3, 81, 4, N'2024-08-19', N'2024-08-26'),
        (5, 79, 7, N'2025-03-04', N'2025-03-28'),
        (6, 93, 1, N'2025-03-28', N'2025-03-29'),
        (7, 64, 1, N'2023-02-23', N'2023-02-26'),
        (1, 62, 8, N'2023-09-07', N'2023-09-27'),
        (11, 91, 1, N'2023-12-09', N'2023-12-25'),
        (8, 66, 6, N'2024-12-08', N'2024-12-22'),
        (4, 59, 6, N'2025-04-18', N'2025-04-20'),
        (2, 60, 5, N'2025-04-19', N'2025-04-23'),
        (10, 56, 2, N'2025-04-05', N'2025-04-26'),
        (6, 54, 1, N'2023-09-07', N'2023-09-23'),
        (6, 75, 4, N'2024-04-14', N'2024-04-24'),
        (1, 76, 4, N'2025-02-18', N'2025-02-21'),
        (3, 59, 4, N'2024-11-27', N'2024-11-28'),
        (8, 76, 8, N'2024-09-18', N'2024-09-21'),
        (2, 82, 2, N'2023-07-24', N'2023-07-25'),
        (7, 78, 3, N'2024-02-20', N'2024-02-26'),
        (1, 89, 6, N'2024-09-02', N'2024-09-19'),
        (3, 60, 4, N'2025-04-23', N'2025-04-23'),
        (2, 88, 1, N'2024-11-18', N'2024-11-20'),
        (8, 79, 1, N'2023-11-26', N'2023-11-28'),
        (8, 66, 7, N'2023-11-24', N'2023-11-27'),
        (9, 71, 5, N'2025-03-08', N'2025-03-29'),
        (8, 100, 3, N'2024-12-02', N'2024-12-17'),
        (4, 60, 3, N'2025-03-10', N'2025-03-28'),
        (11, 85, 1, N'2025-04-11', N'2025-04-13'),
        (7, 99, 8, N'2024-01-06', N'2024-01-19'),
        (5, 61, 2, N'2023-05-22', N'2023-05-24'),
        (4, 69, 7, N'2023-02-09', N'2023-02-15'),
        (1, 59, 4, N'2025-04-04', N'2025-04-12'),
        (8, 78, 1, N'2024-05-06', N'2024-05-19'),
        (9, 92, 5, N'2023-04-26', N'2023-04-27'),
        (9, 53, 5, N'2023-08-02', N'2023-08-08'),
        (1, 96, 7, N'2024-03-03', N'2024-03-15'),
        (3, 84, 1, N'2024-08-16', N'2024-08-16'),
        (8, 59, 8, N'2023-12-03', N'2023-12-27'),
        (9, 59, 8, N'2023-05-25', N'2023-05-27'),
        (9, 73, 8, N'2025-01-12', N'2025-01-19'),
        (9, 85, 2, N'2025-02-09', N'2025-02-09'),
        (8, 92, 6, N'2023-02-13', N'2023-02-24'),
        (9, 100, 6, N'2023-10-06', N'2023-10-21'),
        (2, 95, 4, N'2023-01-25', N'2023-01-30'),
        (3, 90, 3, N'2025-03-22', N'2025-03-28'),
        (4, 60, 7, N'2023-09-13', N'2023-09-28'),
        (2, 74, 2, N'2025-04-20', N'2025-04-30'),
        (3, 73, 4, N'2025-04-16', N'2025-04-26'),
        (10, 91, 1, N'2023-06-02', N'2023-06-30'),
        (1, 53, 5, N'2024-11-19', N'2024-11-22'),
        (2, 54, 7, N'2025-03-23', N'2025-03-23'),
        (5, 69, 6, N'2024-05-02', N'2024-05-26'),
        (2, 74, 6, N'2024-04-01', N'2024-04-28'),
        (4, 64, 5, N'2024-06-14', N'2024-06-24'),
        (7, 77, 2, N'2024-03-16', N'2024-03-26'),
        (5, 67, 5, N'2025-01-15', N'2025-01-22'),
        (9, 92, 3, N'2025-04-23', N'2025-04-27'),
        (4, 55, 4, N'2024-12-20', N'2024-12-23'),
        (5, 51, 2, N'2023-12-03', N'2023-12-09'),
        (6, 80, 8, N'2024-07-08', N'2024-07-09'),
        (2, 53, 5, N'2024-03-10', N'2024-03-24'),
        (6, 88, 3, N'2025-01-23', N'2025-01-26'),
        (7, 71, 7, N'2025-02-03', N'2025-02-27'),
        (11, 97, 3, N'2024-02-10', N'2024-02-26'),
        (9, 97, 7, N'2024-09-26', N'2024-09-30'),
        (7, 83, 2, N'2025-03-12', N'2025-03-14'),
        (11, 88, 8, N'2025-01-11', N'2025-01-15'),
        (1, 67, 8, N'2023-11-14', N'2023-11-14'),
        (4, 72, 6, N'2023-06-24', N'2023-06-26'),
        (6, 73, 5, N'2025-04-24', N'2025-04-24'),
        (11, 71, 4, N'2023-06-03', N'2023-06-23'),
        (8, 66, 8, N'2023-04-19', N'2023-04-20'),
        (10, 65, 2, N'2023-08-17', N'2023-08-18'),
        (5, 71, 1, N'2025-01-01', N'2025-01-26'),
        (1, 55, 6, N'2023-07-09', N'2023-07-27'),
        (1, 76, 1, N'2024-09-13', N'2024-09-30'),
        (1, 69, 8, N'2025-04-25', N'2025-04-26'),
        (3, 85, 3, N'2025-04-13', N'2025-04-26'),
        (9, 53, 1, N'2024-06-04', N'2024-06-30'),
        (3, 81, 8, N'2025-03-17', N'2025-03-25'),
        (9, 80, 8, N'2024-07-09', N'2024-07-16'),
        (4, 91, 6, N'2025-02-20', N'2025-02-22'),
        (11, 74, 8, N'2024-06-02', N'2024-06-19'),
        (10, 64, 6, N'2024-10-24', N'2024-10-25'),
        (1, 66, 3, N'2024-03-10', N'2024-03-29'),
        (9, 51, 6, N'2023-09-19', N'2023-09-26'),
        (8, 59, 6, N'2024-02-12', N'2024-02-21'),
        (7, 66, 4, N'2024-05-08', N'2024-05-27'),
        (11, 79, 6, N'2024-02-09', N'2024-02-20'),
        (11, 83, 1, N'2023-07-27', N'2023-07-28'),
        (4, 72, 5, N'2025-02-05', N'2025-02-14'),
        (6, 77, 7, N'2024-04-15', N'2024-04-15'),
        (4, 66, 4, N'2023-12-26', N'2023-12-29'),
        (2, 86, 8, N'2025-04-18', N'2025-04-27'),
        (8, 64, 4, N'2025-03-23', N'2025-03-27'),
        (9, 89, 5, N'2023-06-08', N'2023-06-18'),
        (5, 58, 3, N'2024-01-27', N'2024-01-28'),
        (10, 73, 5, N'2025-04-06', N'2025-04-17'),
        (11, 92, 6, N'2025-01-03', N'2025-01-30'),
        (5, 56, 3, N'2024-01-25', N'2024-01-25'),
        (7, 77, 4, N'2024-05-18', N'2024-05-21'),
        (1, 51, 8, N'2024-05-11', N'2024-05-15'),
        (6, 82, 2, N'2023-07-28', N'2023-07-30'),
        (11, 58, 7, N'2024-07-21', N'2024-07-26'),
        (8, 72, 3, N'2025-01-23', N'2025-01-28'),
        (8, 71, 2, N'2023-10-28', N'2023-10-29'),
        (9, 75, 4, N'2025-04-04', N'2025-04-08'),
        (8, 80, 6, N'2023-02-19', N'2023-02-21'),
        (10, 64, 5, N'2025-04-20', N'2025-04-23'),
        (3, 71, 1, N'2024-05-14', N'2024-05-14'),
        (3, 89, 8, N'2023-11-04', N'2023-11-07'),
        (7, 54, 6, N'2025-04-18', N'2025-04-19'),
        (9, 84, 4, N'2023-09-06', N'2023-09-21'),
        (10, 55, 5, N'2023-04-21', N'2023-04-22'),
        (9, 66, 5, N'2024-10-18', N'2024-10-29'),
        (5, 53, 1, N'2023-02-24', N'2023-02-24'),
        (1, 85, 3, N'2025-03-17', N'2025-03-19'),
        (3, 58, 8, N'2024-09-10', N'2024-09-29'),
        (11, 94, 8, N'2025-01-04', N'2025-01-06'),
        (6, 99, 1, N'2023-11-01', N'2023-11-29'),
        (5, 75, 6, N'2024-08-08', N'2024-08-18'),
        (3, 51, 7, N'2023-02-06', N'2023-02-23'),
        (4, 72, 6, N'2023-12-28', N'2023-12-30'),
        (8, 72, 7, N'2025-04-12', N'2025-04-25'),
        (9, 98, 5, N'2023-01-21', N'2023-01-27'),
        (8, 98, 4, N'2025-04-15', N'2025-04-19'),
        (10, 67, 5, N'2023-05-01', N'2023-05-27'),
        (10, 53, 5, N'2024-11-08', N'2024-11-25'),
        (9, 76, 7, N'2025-04-25', N'2025-04-26'),
        (4, 65, 5, N'2025-03-20', N'2025-03-27'),
        (3, 98, 5, N'2025-03-01', N'2025-03-08'),
        (8, 57, 3, N'2025-02-09', N'2025-02-14'),
        (10, 72, 4, N'2023-11-06', N'2023-11-20'),
        (5, 68, 2, N'2024-10-18', N'2024-10-22'),
        (8, 75, 3, N'2023-12-26', N'2023-12-30'),
        (11, 99, 6, N'2025-04-17', N'2025-04-25'),
        (1, 76, 6, N'2024-04-22', N'2024-04-28'),
        (6, 57, 3, N'2024-08-25', N'2024-08-25'),
        (6, 97, 8, N'2024-07-11', N'2024-07-17'),
        (5, 73, 7, N'2023-06-23', N'2023-06-25'),
        (6, 52, 5, N'2023-10-26', N'2023-10-29'),
        (1, 77, 5, N'2024-10-12', N'2024-10-13'),
        (10, 64, 6, N'2024-08-06', N'2024-08-13'),
        (1, 98, 6, N'2023-06-18', N'2023-06-29'),
        (5, 99, 1, N'2023-08-20', N'2023-08-25'),
        (4, 55, 7, N'2024-12-03', N'2024-12-30'),
        (1, 86, 3, N'2024-03-19', N'2024-03-22'),
        (5, 81, 2, N'2024-10-11', N'2024-10-28'),
        (10, 98, 2, N'2024-12-09', N'2024-12-12'),
        (4, 70, 1, N'2024-10-28', N'2024-10-29'),
        (7, 53, 4, N'2024-08-01', N'2024-08-05'),
        (5, 89, 5, N'2023-10-20', N'2023-10-30'),
        (5, 98, 5, N'2024-10-02', N'2024-10-28'),
        (5, 54, 3, N'2023-03-19', N'2023-03-23'),
        (6, 76, 3, N'2025-04-09', N'2025-04-17'),
        (8, 86, 5, N'2025-04-09', N'2025-04-19'),
        (11, 52, 8, N'2024-09-07', N'2024-09-28'),
        (8, 82, 7, N'2025-03-12', N'2025-03-22'),
        (3, 74, 1, N'2025-03-27', N'2025-03-28'),
        (2, 91, 2, N'2024-02-27', N'2024-02-28'),
        (3, 57, 2, N'2025-02-01', N'2025-02-24'),
        (10, 55, 1, N'2024-10-04', N'2024-10-26'),
        (9, 95, 5, N'2023-12-09', N'2023-12-24'),
        (11, 93, 1, N'2023-10-02', N'2023-10-06'),
        (1, 77, 8, N'2023-07-24', N'2023-07-29'),
        (6, 76, 5, N'2023-06-10', N'2023-06-30'),
        (4, 62, 5, N'2023-09-24', N'2023-09-29'),
        (6, 93, 3, N'2023-10-27', N'2023-10-28'),
        (6, 51, 2, N'2024-05-24', N'2024-05-27'),
        (7, 73, 1, N'2024-08-02', N'2024-08-11'),
        (6, 84, 2, N'2023-08-24', N'2023-08-24'),
        (8, 82, 6, N'2023-06-03', N'2023-06-21'),
        (7, 100, 5, N'2024-12-26', N'2024-12-27'),
        (5, 59, 4, N'2025-04-09', N'2025-04-30'),
        (1, 80, 4, N'2023-10-06', N'2023-10-21'),
        (11, 73, 1, N'2024-05-10', N'2024-05-18'),
        (8, 88, 8, N'2024-12-10', N'2024-12-10'),
        (7, 97, 1, N'2023-03-19', N'2023-03-19'),
        (11, 62, 8, N'2024-09-04', N'2024-09-29'),
        (7, 91, 3, N'2023-01-08', N'2023-01-10'),
        (4, 66, 6, N'2025-01-27', N'2025-01-29'),
        (11, 54, 5, N'2023-12-12', N'2023-12-17'),
        (1, 67, 1, N'2024-05-16', N'2024-05-22'),
        (10, 53, 2, N'2023-11-01', N'2023-11-19'),
        (7, 67, 7, N'2024-08-14', N'2024-08-25'),
        (3, 82, 8, N'2023-07-03', N'2023-07-26'),
        (6, 96, 5, N'2024-11-17', N'2024-11-29'),
        (8, 64, 6, N'2024-02-03', N'2024-02-07'),
        (2, 55, 5, N'2024-05-15', N'2024-05-19'),
        (4, 89, 5, N'2023-02-13', N'2023-02-17'),
        (4, 97, 6, N'2024-12-19', N'2024-12-24'),
        (7, 68, 4, N'2025-02-02', N'2025-02-06'),
        (6, 97, 8, N'2023-01-20', N'2023-01-28'),
        (1, 60, 6, N'2024-09-12', N'2024-09-22'),
        (4, 78, 3, N'2024-02-21', N'2024-02-24'),
        (8, 87, 2, N'2023-03-24', N'2023-03-28'),
        (4, 54, 3, N'2025-04-27', N'2025-04-28'),
        (9, 59, 4, N'2025-04-23', N'2025-04-25'),
        (5, 64, 1, N'2025-04-09', N'2025-04-26'),
        (8, 88, 5, N'2025-03-02', N'2025-03-06'),
        (5, 72, 2, N'2024-09-18', N'2024-09-30'),
        (11, 90, 2, N'2024-05-24', N'2024-05-28'),
        (3, 79, 2, N'2023-05-03', N'2023-05-11'),
        (11, 90, 6, N'2023-02-09', N'2023-02-19'),
        (6, 98, 4, N'2023-02-08', N'2023-02-13'),
        (5, 51, 3, N'2024-01-04', N'2024-01-12'),
        (3, 63, 4, N'2024-06-26', N'2024-06-30'),
        (1, 53, 7, N'2024-03-11', N'2024-03-16'),
        (7, 80, 3, N'2025-01-06', N'2025-01-26'),
        (7, 100, 2, N'2024-08-22', N'2024-08-23'),
        (10, 65, 6, N'2024-11-27', N'2024-11-30'),
        (4, 56, 2, N'2024-06-04', N'2024-06-11'),
        (9, 70, 5, N'2024-03-26', N'2024-03-30'),
        (2, 72, 4, N'2023-01-10', N'2023-01-16'),
        (1, 89, 6, N'2023-02-16', N'2023-02-26'),
        (5, 79, 8, N'2024-04-01', N'2024-04-11'),
        (11, 70, 8, N'2023-05-08', N'2023-05-22'),
        (10, 76, 3, N'2025-02-19', N'2025-02-21'),
        (1, 96, 7, N'2023-04-15', N'2023-04-28'),
        (10, 89, 5, N'2025-04-23', N'2025-04-28'),
        (2, 67, 4, N'2023-08-21', N'2023-08-23'),
        (9, 52, 8, N'2025-02-24', N'2025-02-27'),
        (2, 82, 1, N'2024-08-27', N'2024-08-28'),
        (6, 95, 1, N'2023-02-26', N'2023-02-27'),
        (11, 58, 5, N'2025-02-28', N'2025-02-28'),
        (10, 83, 4, N'2023-04-18', N'2023-04-25'),
        (2, 77, 6, N'2025-03-24', N'2025-03-24'),
        (1, 93, 1, N'2023-12-13', N'2023-12-30'),
        (6, 67, 6, N'2023-01-23', N'2023-01-24'),
        (2, 91, 6, N'2025-03-24', N'2025-03-25'),
        (2, 88, 4, N'2023-08-18', N'2023-08-24'),
        (11, 57, 6, N'2023-03-25', N'2023-03-28'),
        (6, 85, 7, N'2023-08-03', N'2023-08-08'),
        (11, 98, 7, N'2023-07-03', N'2023-07-05'),
        (2, 51, 4, N'2024-03-20', N'2024-03-23'),
        (7, 60, 2, N'2025-02-20', N'2025-02-23'),
        (2, 73, 8, N'2023-12-10', N'2023-12-19'),
        (2, 53, 4, N'2025-03-11', N'2025-03-16'),
        (11, 63, 1, N'2024-07-12', N'2024-07-29'),
        (4, 78, 3, N'2025-03-28', N'2025-03-30'),
        (9, 72, 8, N'2024-02-13', N'2024-02-25'),
        (1, 89, 3, N'2023-05-05', N'2023-05-13'),
        (5, 79, 5, N'2024-08-01', N'2024-08-02'),
        (3, 73, 5, N'2023-10-26', N'2023-10-27'),
        (10, 95, 5, N'2025-03-02', N'2025-03-06'),
        (5, 60, 2, N'2023-03-24', N'2023-03-30'),
        (7, 99, 4, N'2023-02-19', N'2023-02-24'),
        (5, 95, 8, N'2025-02-26', N'2025-02-26'),
        (9, 89, 5, N'2025-03-14', N'2025-03-15'),
        (10, 77, 2, N'2025-02-17', N'2025-02-22'),
        (2, 79, 4, N'2024-07-25', N'2024-07-28'),
        (3, 82, 6, N'2023-01-20', N'2023-01-20'),
        (2, 93, 5, N'2023-09-09', N'2023-09-23'),
        (4, 53, 3, N'2023-07-28', N'2023-07-28'),
        (5, 85, 4, N'2025-03-14', N'2025-03-24'),
        (3, 90, 1, N'2024-07-13', N'2024-07-13'),
        (1, 82, 3, N'2025-03-18', N'2025-03-25'),
        (11, 56, 2, N'2025-02-17', N'2025-02-19'),
        (6, 89, 8, N'2025-03-24', N'2025-03-29'),
        (6, 73, 4, N'2023-07-02', N'2023-07-09'),
        (4, 51, 8, N'2025-01-04', N'2025-01-14'),
        (11, 99, 4, N'2023-08-12', N'2023-08-22'),
        (8, 72, 6, N'2025-04-27', N'2025-04-30'),
        (3, 84, 2, N'2023-02-10', N'2023-02-22'),
        (6, 65, 7, N'2025-04-15', N'2025-04-28'),
        (1, 80, 6, N'2025-01-22', N'2025-01-30'),
        (1, 93, 2, N'2023-06-07', N'2023-06-18'),
        (1, 82, 4, N'2025-01-04', N'2025-01-17'),
        (10, 66, 3, N'2024-07-17', N'2024-07-27'),
        (1, 55, 4, N'2025-02-01', N'2025-02-27'),
        (3, 100, 7, N'2023-11-15', N'2023-11-18'),
        (10, 53, 3, N'2023-11-09', N'2023-11-25'),
        (7, 94, 2, N'2024-03-18', N'2024-03-19'),
        (2, 68, 7, N'2023-03-11', N'2023-03-29'),
        (10, 98, 3, N'2023-07-04', N'2023-07-16'),
        (10, 89, 4, N'2025-03-23', N'2025-03-24'),
        (8, 78, 7, N'2025-03-18', N'2025-03-24'),
        (1, 91, 3, N'2025-04-03', N'2025-04-05'),
        (5, 90, 5, N'2023-10-05', N'2023-10-11'),
        (3, 78, 2, N'2025-03-27', N'2025-03-27'),
        (1, 70, 6, N'2025-02-17', N'2025-02-24'),
        (6, 91, 4, N'2025-02-15', N'2025-02-25'),
        (11, 92, 7, N'2024-08-20', N'2024-08-25'),
        (8, 98, 2, N'2023-10-26', N'2023-10-26'),
        (11, 90, 3, N'2024-05-09', N'2024-05-17'),
        (7, 52, 8, N'2024-10-21', N'2024-10-22'),
        (9, 93, 1, N'2023-11-09', N'2023-11-11'),
        (2, 93, 8, N'2025-02-05', N'2025-02-05'),
        (7, 75, 2, N'2024-06-11', N'2024-06-15'),
        (7, 95, 2, N'2024-05-27', N'2024-05-28'),
        (3, 84, 8, N'2023-03-06', N'2023-03-09'),
        (1, 65, 4, N'2024-10-21', N'2024-10-24'),
        (5, 62, 5, N'2024-07-04', N'2024-07-25'),
        (10, 51, 4, N'2024-11-11', N'2024-11-14'),
        (10, 56, 7, N'2025-03-03', N'2025-03-17'),
        (1, 90, 6, N'2024-10-25', N'2024-10-30'),
        (5, 85, 6, N'2025-04-25', N'2025-04-26'),
        (4, 58, 3, N'2023-05-15', N'2023-05-19'),
        (4, 62, 6, N'2025-02-22', N'2025-02-23'),
        (1, 80, 3, N'2023-02-16', N'2023-02-19'),
        (4, 95, 5, N'2023-06-11', N'2023-06-11'),
        (8, 99, 3, N'2024-04-27', N'2024-04-27'),
        (9, 89, 1, N'2024-07-17', N'2024-07-20'),
        (2, 59, 3, N'2024-08-11', N'2024-08-16'),
        (1, 97, 5, N'2024-09-07', N'2024-09-15'),
        (4, 61, 8, N'2024-06-05', N'2024-06-17'),
        (9, 84, 6, N'2025-01-17', N'2025-01-29'),
        (8, 58, 3, N'2025-02-21', N'2025-02-24'),
        (9, 86, 8, N'2023-09-28', N'2023-09-29'),
        (1, 97, 4, N'2024-08-02', N'2024-08-11'),
        (4, 70, 7, N'2024-10-07', N'2024-10-08'),
        (3, 88, 6, N'2025-01-28', N'2025-01-29'),
        (9, 80, 8, N'2025-02-25', N'2025-02-28'),
        (1, 78, 3, N'2024-01-07', N'2024-01-23'),
        (6, 87, 3, N'2025-02-05', N'2025-02-09'),
        (11, 65, 8, N'2025-04-14', N'2025-04-24'),
        (1, 64, 7, N'2024-11-26', N'2024-11-29'),
        (2, 62, 5, N'2024-04-13', N'2024-04-21'),
        (9, 72, 7, N'2024-12-11', N'2024-12-29'),
        (1, 79, 3, N'2025-04-04', N'2025-04-19'),
        (6, 62, 4, N'2025-04-03', N'2025-04-10'),
        (11, 77, 4, N'2024-10-17', N'2024-10-24'),
        (3, 98, 3, N'2023-11-22', N'2023-11-25'),
        (8, 55, 7, N'2023-07-02', N'2023-07-06'),
        (7, 62, 2, N'2024-09-17', N'2024-09-21'),
        (2, 92, 5, N'2025-04-02', N'2025-04-04'),
        (3, 95, 8, N'2024-06-22', N'2024-06-26'),
        (9, 82, 1, N'2025-03-14', N'2025-03-14'),
        (2, 77, 8, N'2024-05-05', N'2024-05-27'),
        (9, 57, 1, N'2025-04-22', N'2025-04-22'),
        (4, 62, 1, N'2024-07-11', N'2024-07-28'),
        (9, 60, 6, N'2024-08-19', N'2024-08-22'),
        (3, 61, 5, N'2025-01-24', N'2025-01-29'),
        (11, 72, 3, N'2025-01-15', N'2025-01-17'),
        (4, 68, 3, N'2023-09-14', N'2023-09-14'),
        (4, 94, 7, N'2023-05-26', N'2023-05-27'),
        (10, 84, 4, N'2025-01-21', N'2025-01-23'),
        (4, 87, 2, N'2025-04-20', N'2025-04-21'),
        (3, 77, 5, N'2023-09-27', N'2023-09-27'),
        (9, 89, 6, N'2024-12-24', N'2024-12-27'),
        (11, 97, 4, N'2025-03-11', N'2025-03-21'),
        (8, 76, 5, N'2023-07-17', N'2023-07-21'),
        (6, 52, 3, N'2025-01-11', N'2025-01-15'),
        (4, 76, 8, N'2023-11-27', N'2023-11-27'),
        (5, 52, 5, N'2025-03-02', N'2025-03-21'),
        (11, 93, 7, N'2024-06-25', N'2024-06-30'),
        (2, 100, 8, N'2023-05-21', N'2023-05-28'),
        (7, 80, 1, N'2023-10-14', N'2023-10-29'),
        (7, 72, 1, N'2023-02-19', N'2023-02-24'),
        (4, 95, 3, N'2024-11-07', N'2024-11-14'),
        (8, 55, 8, N'2023-09-22', N'2023-09-24'),
        (3, 78, 3, N'2025-02-10', N'2025-02-16'),
        (8, 75, 4, N'2024-04-23', N'2024-04-26'),
        (9, 100, 3, N'2025-01-19', N'2025-01-30'),
        (10, 77, 3, N'2023-01-03', N'2023-01-10'),
        (5, 51, 5, N'2024-11-19', N'2024-11-20'),
        (11, 66, 1, N'2023-05-01', N'2023-05-30'),
        (10, 59, 4, N'2025-04-01', N'2025-04-06'),
        (2, 84, 7, N'2024-03-13', N'2024-03-26'),
        (7, 77, 8, N'2024-03-12', N'2024-03-13'),
        (11, 61, 2, N'2024-11-10', N'2024-11-16'),
        (2, 100, 1, N'2024-04-04', N'2024-04-23'),
        (1, 80, 8, N'2024-11-15', N'2024-11-28'),
        (9, 90, 6, N'2024-08-07', N'2024-08-16'),
        (2, 80, 3, N'2023-04-09', N'2023-04-16'),
        (9, 91, 1, N'2025-03-06', N'2025-03-27'),
        (8, 57, 3, N'2025-03-05', N'2025-03-08'),
        (10, 87, 8, N'2024-12-14', N'2024-12-20'),
        (1, 61, 5, N'2024-12-08', N'2024-12-28'),
        (10, 72, 8, N'2024-02-14', N'2024-02-16'),
        (8, 99, 8, N'2025-02-26', N'2025-02-27'),
        (5, 87, 8, N'2025-02-01', N'2025-02-20'),
        (5, 94, 1, N'2025-04-13', N'2025-04-30'),
        (1, 57, 4, N'2023-07-19', N'2023-07-27'),
        (9, 76, 2, N'2023-11-01', N'2023-11-02'),
        (1, 100, 3, N'2024-01-16', N'2024-01-24'),
        (10, 73, 8, N'2025-04-03', N'2025-04-28'),
        (4, 95, 4, N'2023-12-23', N'2023-12-26'),
        (7, 100, 3, N'2023-12-11', N'2023-12-19'),
        (9, 74, 2, N'2023-06-01', N'2023-06-11'),
        (5, 79, 4, N'2023-02-27', N'2023-02-28'),
        (10, 65, 1, N'2025-02-21', N'2025-02-26'),
        (6, 87, 8, N'2025-02-18', N'2025-02-27'),
        (3, 94, 5, N'2024-06-23', N'2024-06-26'),
        (11, 58, 2, N'2024-07-02', N'2024-07-02'),
        (7, 99, 4, N'2023-02-15', N'2023-02-27'),
        (10, 58, 5, N'2023-12-05', N'2023-12-10'),
        (2, 82, 2, N'2024-02-16', N'2024-02-16'),
        (10, 74, 8, N'2025-02-28', N'2025-02-28'),
        (9, 70, 1, N'2023-01-06', N'2023-01-07'),
        (3, 90, 1, N'2025-01-03', N'2025-01-04'),
        (4, 63, 4, N'2024-02-16', N'2024-02-20'),
        (10, 68, 8, N'2025-02-14', N'2025-02-17'),
        (8, 97, 8, N'2024-10-05', N'2024-10-20'),
        (6, 93, 6, N'2025-01-19', N'2025-01-26'),
        (10, 81, 5, N'2024-03-03', N'2024-03-04'),
        (4, 56, 6, N'2024-03-22', N'2024-03-23'),
        (3, 76, 4, N'2023-12-06', N'2023-12-25'),
        (9, 100, 3, N'2025-03-18', N'2025-03-24'),
        (8, 85, 3, N'2025-03-25', N'2025-03-29'),
        (3, 51, 8, N'2025-03-23', N'2025-03-29'),
        (7, 84, 7, N'2024-06-13', N'2024-06-30'),
        (11, 79, 6, N'2024-03-26', N'2024-03-27'),
        (11, 60, 8, N'2024-04-05', N'2024-04-10'),
        (7, 92, 6, N'2023-09-28', N'2023-09-30'),
        (10, 91, 1, N'2024-08-07', N'2024-08-10'),
        (9, 99, 2, N'2025-01-15', N'2025-01-23'),
        (4, 72, 2, N'2024-03-10', N'2024-03-20'),
        (8, 53, 2, N'2023-11-18', N'2023-11-25'),
        (8, 87, 8, N'2023-09-21', N'2023-09-22'),
        (6, 80, 3, N'2024-04-03', N'2024-04-22'),
        (11, 62, 3, N'2024-01-05', N'2024-01-23'),
        (10, 99, 6, N'2025-02-05', N'2025-02-25'),
        (9, 60, 6, N'2024-05-06', N'2024-05-24'),
        (4, 51, 6, N'2025-02-15', N'2025-02-19'),
        (10, 90, 8, N'2023-04-10', N'2023-04-30'),
        (5, 81, 6, N'2023-11-19', N'2023-11-27'),
        (10, 78, 3, N'2024-06-12', N'2024-06-18'),
        (6, 70, 8, N'2023-01-26', N'2023-01-30'),
        (8, 61, 2, N'2023-02-04', N'2023-02-04'),
        (6, 68, 1, N'2023-04-14', N'2023-04-20'),
        (11, 67, 1, N'2024-06-23', N'2024-06-29'),
        (7, 56, 6, N'2023-12-22', N'2023-12-25'),
        (7, 77, 4, N'2023-09-25', N'2023-09-30'),
        (5, 89, 7, N'2025-02-02', N'2025-02-09'),
        (5, 88, 3, N'2024-07-17', N'2024-07-20'),
        (10, 84, 2, N'2023-10-09', N'2023-10-14'),
        (1, 57, 7, N'2023-05-17', N'2023-05-26'),
        (7, 74, 8, N'2025-02-01', N'2025-02-14'),
        (4, 97, 5, N'2025-02-02', N'2025-02-02'),
        (9, 84, 7, N'2025-04-27', N'2025-04-28'),
        (4, 89, 2, N'2025-04-11', N'2025-04-27'),
        (8, 56, 7, N'2023-04-03', N'2023-04-07'),
        (10, 79, 8, N'2024-06-20', N'2024-06-25'),
        (11, 66, 3, N'2023-03-13', N'2023-03-23'),
        (11, 95, 7, N'2025-03-24', N'2025-03-24'),
        (3, 98, 2, N'2025-02-17', N'2025-02-18'),
        (11, 78, 3, N'2025-01-14', N'2025-01-25'),
        (3, 63, 7, N'2023-02-03', N'2023-02-17'),
        (1, 82, 4, N'2024-12-02', N'2024-12-16'),
        (6, 86, 5, N'2023-04-07', N'2023-04-11'),
        (1, 70, 3, N'2023-07-18', N'2023-07-24'),
        (4, 93, 2, N'2024-12-03', N'2024-12-21'),
        (1, 77, 8, N'2023-11-24', N'2023-11-24'),
        (8, 79, 1, N'2023-10-28', N'2023-10-30'),
        (6, 91, 4, N'2024-12-03', N'2024-12-06'),
        (8, 99, 2, N'2025-04-27', N'2025-04-28'),
        (5, 51, 6, N'2025-04-17', N'2025-04-29'),
        (6, 51, 4, N'2025-01-14', N'2025-01-30'),
        (1, 89, 1, N'2024-03-08', N'2024-03-13'),
        (7, 55, 1, N'2023-10-13', N'2023-10-24'),
        (7, 75, 4, N'2024-10-11', N'2024-10-28'),
        (7, 56, 6, N'2024-03-16', N'2024-03-30'),
        (4, 82, 7, N'2024-03-25', N'2024-03-27'),
        (1, 51, 8, N'2023-08-05', N'2023-08-16'),
        (9, 81, 6, N'2023-06-11', N'2023-06-23'),
        (4, 92, 4, N'2024-12-15', N'2024-12-25'),
        (6, 90, 3, N'2023-10-12', N'2023-10-30'),
        (5, 78, 4, N'2024-05-23', N'2024-05-27'),
        (6, 93, 5, N'2025-04-06', N'2025-04-09'),
        (5, 96, 8, N'2024-04-09', N'2024-04-25'),
        (3, 76, 6, N'2024-09-01', N'2024-09-28'),
        (2, 93, 3, N'2024-09-03', N'2024-09-22'),
        (10, 58, 3, N'2023-12-25', N'2023-12-25'),
        (8, 73, 7, N'2025-02-01', N'2025-02-20'),
        (11, 55, 5, N'2024-09-13', N'2024-09-13'),
        (1, 56, 4, N'2023-07-05', N'2023-07-29'),
        (5, 79, 3, N'2025-01-26', N'2025-01-26'),
        (5, 65, 7, N'2024-07-14', N'2024-07-18'),
        (10, 66, 1, N'2024-08-24', N'2024-08-30'),
        (11, 73, 1, N'2025-02-28', N'2025-02-28'),
        (3, 52, 5, N'2024-08-11', N'2024-08-18'),
        (3, 92, 2, N'2024-10-24', N'2024-10-26'),
        (7, 60, 8, N'2025-04-13', N'2025-04-25'),
        (5, 58, 2, N'2025-02-22', N'2025-02-25'),
        (10, 96, 5, N'2023-07-14', N'2023-07-22'),
        (11, 91, 2, N'2023-09-16', N'2023-09-18'),
        (2, 78, 3, N'2023-04-17', N'2023-04-23')
) AS v(OfficerID, PersonID, LotID, TimeIssued, TimePaid)
    INNER JOIN Parking.Lots l ON l.LotID = v.LotID
    INNER JOIN Parking.LotTypeYears lty ON lty.LotType = l.LotType AND lty.YearOfValidity = YEAR(v.TimeIssued);